ORDER_ID,ORDER_DATE,MENU_ID,MENU_NAME,CATEGORY,PRICE,QUANTITY,TOTAL_AMT,ORDER_TYPE
ORD-10001,2025-10-01,M03,찰순대,분식,4500,1,4500,배달
ORD-10002,2025-10-01,M15,제로콜라,음료,2000,1,2000,배달
ORD-10003,2025-10-01,M20,하이볼,주류,6000,3,18000,홀
ORD-10004,2025-10-01,M01,떡볶이,분식,4500,3,13500,배달
ORD-10005,2025-10-01,M14,사이다,음료,2000,1,2000,배달
ORD-10006,2025-10-01,M03,찰순대,분식,4500,3,13500,홀
ORD-10007,2025-10-01,M07,순두부찌개,식사,8000,1,8000,홀
ORD-10008,2025-10-02,M12,알밥,식사,6500,1,6500,홀
ORD-10009,2025-10-02,M04,로제 떡볶이,분식,6500,1,6500,홀
ORD-10010,2025-10-02,M06,어묵탕,분식,5500,2,11000,배달
ORD-10011,2025-10-02,M13,콜라,음료,2000,1,2000,홀
ORD-10012,2025-10-02,M02,튀김세트,분식,5000,3,15000,배달
ORD-10013,2025-10-02,M05,참치마요주먹밥,분식,4000,2,8000,홀
ORD-10014,2025-10-03,M10,제육덮밥,식사,8500,2,17000,배달
ORD-10015,2025-10-03,M18,소주,주류,5000,1,5000,홀
ORD-10016,2025-10-03,M06,어묵탕,분식,5500,1,5500,홀
ORD-10017,2025-10-03,M12,알밥,식사,6500,1,6500,홀
ORD-10018,2025-10-03,M06,어묵탕,분식,5500,2,11000,홀
ORD-10019,2025-10-03,M04,로제 떡볶이,분식,6500,3,19500,홀
ORD-10020,2025-10-03,M16,식혜,음료,3000,1,3000,배달
ORD-10021,2025-10-04,M10,제육덮밥,식사,8500,2,17000,배달
ORD-10022,2025-10-04,M11,비빔국수,식사,7000,1,7000,배달
ORD-10023,2025-10-04,M03,찰순대,분식,4500,2,9000,홀
ORD-10024,2025-10-04,M10,제육덮밥,식사,8500,3,25500,배달
ORD-10025,2025-10-04,M05,참치마요주먹밥,분식,4000,2,8000,홀
ORD-10026,2025-10-04,M12,알밥,식사,6500,3,19500,홀
ORD-10027,2025-10-04,M02,튀김세트,분식,5000,3,15000,홀
ORD-10028,2025-10-04,M18,소주,주류,5000,3,15000,배달
ORD-10029,2025-10-04,M16,식혜,음료,3000,3,9000,홀
ORD-10030,2025-10-04,M20,하이볼,주류,6000,2,12000,배달
ORD-10031,2025-10-05,M09,치즈돈까스,식사,9500,1,9500,배달
ORD-10032,2025-10-05,M19,생맥주,주류,4500,2,9000,배달
ORD-10033,2025-10-05,M19,생맥주,주류,4500,2,9000,홀
ORD-10034,2025-10-05,M05,참치마요주먹밥,분식,4000,1,4000,배달
ORD-10035,2025-10-05,M08,만두국,식사,7500,1,7500,배달
ORD-10036,2025-10-05,M17,맥주,주류,5000,1,5000,홀
ORD-10037,2025-10-05,M10,제육덮밥,식사,8500,2,17000,홀
ORD-10038,2025-10-05,M10,제육덮밥,식사,8500,1,8500,배달
ORD-10039,2025-10-05,M03,찰순대,분식,4500,3,13500,홀
ORD-10040,2025-10-07,M18,소주,주류,5000,2,10000,홀
ORD-10041,2025-10-07,M06,어묵탕,분식,5500,2,11000,홀
ORD-10042,2025-10-07,M02,튀김세트,분식,5000,3,15000,홀
ORD-10043,2025-10-07,M12,알밥,식사,6500,2,13000,홀
ORD-10044,2025-10-07,M01,떡볶이,분식,4500,1,4500,배달
ORD-10045,2025-10-07,M02,튀김세트,분식,5000,1,5000,홀
ORD-10046,2025-10-07,M01,떡볶이,분식,4500,2,9000,홀
ORD-10047,2025-10-07,M09,치즈돈까스,식사,9500,3,28500,배달
ORD-10048,2025-10-07,M01,떡볶이,분식,4500,3,13500,홀
ORD-10049,2025-10-07,M03,찰순대,분식,4500,2,9000,홀
ORD-10050,2025-10-08,M09,치즈돈까스,식사,9500,2,19000,홀
ORD-10051,2025-10-08,M05,참치마요주먹밥,분식,4000,2,8000,홀
ORD-10052,2025-10-08,M04,로제 떡볶이,분식,6500,2,13000,홀
ORD-10053,2025-10-08,M02,튀김세트,분식,5000,3,15000,홀
ORD-10054,2025-10-08,M11,비빔국수,식사,7000,3,21000,홀
ORD-10055,2025-10-08,M06,어묵탕,분식,5500,1,5500,배달
ORD-10056,2025-10-09,M04,로제 떡볶이,분식,6500,2,13000,홀
ORD-10057,2025-10-09,M04,로제 떡볶이,분식,6500,1,6500,홀
ORD-10058,2025-10-09,M17,맥주,주류,5000,2,10000,배달
ORD-10059,2025-10-09,M04,로제 떡볶이,분식,6500,1,6500,홀
ORD-10060,2025-10-09,M19,생맥주,주류,4500,3,13500,홀
ORD-10061,2025-10-09,M05,참치마요주먹밥,분식,4000,1,4000,홀
ORD-10062,2025-10-09,M03,찰순대,분식,4500,1,4500,홀
ORD-10063,2025-10-09,M03,찰순대,분식,4500,2,9000,배달
ORD-10064,2025-10-09,M17,맥주,주류,5000,1,5000,홀
ORD-10065,2025-10-10,M04,로제 떡볶이,분식,6500,2,13000,홀
ORD-10066,2025-10-10,M06,어묵탕,분식,5500,2,11000,배달
ORD-10067,2025-10-10,M20,하이볼,주류,6000,3,18000,홀
ORD-10068,2025-10-10,M04,로제 떡볶이,분식,6500,1,6500,배달
ORD-10069,2025-10-10,M16,식혜,음료,3000,3,9000,홀
ORD-10070,2025-10-11,M10,제육덮밥,식사,8500,3,25500,홀
ORD-10071,2025-10-11,M20,하이볼,주류,6000,1,6000,배달
ORD-10072,2025-10-12,M01,떡볶이,분식,4500,3,13500,배달
ORD-10073,2025-10-12,M06,어묵탕,분식,5500,2,11000,배달
ORD-10074,2025-10-12,M05,참치마요주먹밥,분식,4000,1,4000,배달
ORD-10075,2025-10-12,M14,사이다,음료,2000,1,2000,배달
ORD-10076,2025-10-13,M02,튀김세트,분식,5000,1,5000,홀
ORD-10077,2025-10-13,M11,비빔국수,식사,7000,1,7000,홀
ORD-10078,2025-10-13,M15,제로콜라,음료,2000,2,4000,배달
ORD-10079,2025-10-15,M06,어묵탕,분식,5500,3,16500,홀
ORD-10080,2025-10-15,M07,순두부찌개,식사,8000,2,16000,홀
ORD-10081,2025-10-15,M13,콜라,음료,2000,3,6000,홀
ORD-10082,2025-10-15,M04,로제 떡볶이,분식,6500,3,19500,홀
ORD-10083,2025-10-15,M06,어묵탕,분식,5500,1,5500,홀
ORD-10084,2025-10-16,M09,치즈돈까스,식사,9500,1,9500,홀
ORD-10085,2025-10-16,M02,튀김세트,분식,5000,2,10000,홀
ORD-10086,2025-10-17,M03,찰순대,분식,4500,2,9000,홀
ORD-10087,2025-10-17,M07,순두부찌개,식사,8000,2,16000,홀
ORD-10088,2025-10-18,M05,참치마요주먹밥,분식,4000,3,12000,배달
ORD-10089,2025-10-19,M16,식혜,음료,3000,3,9000,배달
ORD-10090,2025-10-22,M05,참치마요주먹밥,분식,4000,3,12000,배달
ORD-10091,2025-10-22,M12,알밥,식사,6500,1,6500,배달
ORD-10092,2025-10-22,M05,참치마요주먹밥,분식,4000,3,12000,홀
ORD-10093,2025-10-22,M19,생맥주,주류,4500,2,9000,홀
ORD-10094,2025-10-23,M04,로제 떡볶이,분식,6500,1,6500,홀
ORD-10095,2025-10-23,M03,찰순대,분식,4500,3,13500,홀
ORD-10096,2025-10-23,M03,찰순대,분식,4500,2,9000,홀
ORD-10097,2025-10-23,M15,제로콜라,음료,2000,1,2000,홀
ORD-10098,2025-10-23,M02,튀김세트,분식,5000,1,5000,배달
ORD-10099,2025-10-23,M04,로제 떡볶이,분식,6500,2,13000,배달
ORD-10100,2025-10-23,M18,소주,주류,5000,3,15000,배달
ORD-10101,2025-10-23,M02,튀김세트,분식,5000,1,5000,홀
ORD-10102,2025-10-23,M08,만두국,식사,7500,3,22500,홀
ORD-10103,2025-10-23,M02,튀김세트,분식,5000,3,15000,홀
ORD-10104,2025-10-24,M03,찰순대,분식,4500,3,13500,배달
ORD-10105,2025-10-24,M03,찰순대,분식,4500,1,4500,홀
ORD-10106,2025-10-24,M02,튀김세트,분식,5000,3,15000,홀
ORD-10107,2025-10-24,M05,참치마요주먹밥,분식,4000,2,8000,홀
ORD-10108,2025-10-24,M12,알밥,식사,6500,1,6500,홀
ORD-10109,2025-10-24,M04,로제 떡볶이,분식,6500,3,19500,배달
ORD-10110,2025-10-24,M02,튀김세트,분식,5000,1,5000,홀
ORD-10111,2025-10-24,M08,만두국,식사,7500,2,15000,홀
ORD-10112,2025-10-24,M16,식혜,음료,3000,1,3000,홀
ORD-10113,2025-10-24,M05,참치마요주먹밥,분식,4000,1,4000,홀
ORD-10114,2025-10-25,M20,하이볼,주류,6000,2,12000,배달
ORD-10115,2025-10-25,M18,소주,주류,5000,2,10000,배달
ORD-10116,2025-10-26,M20,하이볼,주류,6000,3,18000,홀
ORD-10117,2025-10-26,M13,콜라,음료,2000,2,4000,홀
ORD-10118,2025-10-26,M07,순두부찌개,식사,8000,3,24000,배달
ORD-10119,2025-10-26,M17,맥주,주류,5000,2,10000,홀
ORD-10120,2025-10-27,M15,제로콜라,음료,2000,2,4000,홀
ORD-10121,2025-10-27,M05,참치마요주먹밥,분식,4000,2,8000,홀
ORD-10122,2025-10-27,M17,맥주,주류,5000,1,5000,배달
ORD-10123,2025-10-27,M05,참치마요주먹밥,분식,4000,1,4000,홀
ORD-10124,2025-10-27,M05,참치마요주먹밥,분식,4000,2,8000,배달
ORD-10125,2025-10-27,M06,어묵탕,분식,5500,2,11000,홀
ORD-10126,2025-10-27,M02,튀김세트,분식,5000,2,10000,배달
ORD-10127,2025-10-27,M08,만두국,식사,7500,2,15000,홀
ORD-10128,2025-10-28,M19,생맥주,주류,4500,3,13500,홀
ORD-10129,2025-10-28,M02,튀김세트,분식,5000,1,5000,홀
ORD-10130,2025-10-28,M06,어묵탕,분식,5500,2,11000,배달
ORD-10131,2025-10-28,M19,생맥주,주류,4500,1,4500,홀
ORD-10132,2025-10-28,M20,하이볼,주류,6000,1,6000,홀
ORD-10133,2025-10-28,M03,찰순대,분식,4500,1,4500,홀
ORD-10134,2025-10-28,M06,어묵탕,분식,5500,3,16500,홀
ORD-10135,2025-10-28,M06,어묵탕,분식,5500,1,5500,홀
ORD-10136,2025-10-28,M05,참치마요주먹밥,분식,4000,1,4000,홀
ORD-10137,2025-10-29,M12,알밥,식사,6500,2,13000,홀
ORD-10138,2025-10-29,M12,알밥,식사,6500,2,13000,배달
ORD-10139,2025-10-29,M06,어묵탕,분식,5500,1,5500,홀
ORD-10140,2025-10-30,M06,어묵탕,분식,5500,2,11000,홀
ORD-10141,2025-10-30,M18,소주,주류,5000,3,15000,홀
ORD-10142,2025-10-30,M17,맥주,주류,5000,1,5000,홀
ORD-10143,2025-10-30,M04,로제 떡볶이,분식,6500,3,19500,홀
ORD-10144,2025-10-30,M11,비빔국수,식사,7000,3,21000,배달
ORD-10145,2025-10-30,M02,튀김세트,분식,5000,1,5000,배달
ORD-10146,2025-10-30,M01,떡볶이,분식,4500,1,4500,배달
ORD-10147,2025-10-30,M04,로제 떡볶이,분식,6500,3,19500,홀
ORD-10148,2025-10-31,M20,하이볼,주류,6000,2,12000,배달
ORD-10149,2025-10-31,M01,떡볶이,분식,4500,1,4500,배달
ORD-10150,2025-10-31,M06,어묵탕,분식,5500,3,16500,홀
ORD-10151,2025-10-31,M11,비빔국수,식사,7000,1,7000,배달
ORD-10152,2025-10-31,M17,맥주,주류,5000,2,10000,홀
ORD-10153,2025-11-01,M17,맥주,주류,5000,2,10000,배달
ORD-10154,2025-11-01,M16,식혜,음료,3000,2,6000,배달
ORD-10155,2025-11-01,M12,알밥,식사,6500,2,13000,홀
ORD-10156,2025-11-01,M01,떡볶이,분식,4500,1,4500,배달
ORD-10157,2025-11-01,M19,생맥주,주류,4500,1,4500,홀
ORD-10158,2025-11-01,M18,소주,주류,5000,3,15000,배달
ORD-10159,2025-11-01,M01,떡볶이,분식,4500,3,13500,홀
ORD-10160,2025-11-01,M20,하이볼,주류,6000,2,12000,배달
ORD-10161,2025-11-02,M20,하이볼,주류,6000,3,18000,배달
ORD-10162,2025-11-02,M02,튀김세트,분식,5000,2,10000,배달
ORD-10163,2025-11-02,M18,소주,주류,5000,2,10000,배달
ORD-10164,2025-11-02,M02,튀김세트,분식,5000,2,10000,배달
ORD-10165,2025-11-02,M09,치즈돈까스,식사,9500,3,28500,배달
ORD-10166,2025-11-02,M07,순두부찌개,식사,8000,2,16000,배달
ORD-10167,2025-11-03,M14,사이다,음료,2000,1,2000,홀
ORD-10168,2025-11-03,M01,떡볶이,분식,4500,2,9000,배달
ORD-10169,2025-11-04,M18,소주,주류,5000,2,10000,홀
ORD-10170,2025-11-04,M06,어묵탕,분식,5500,1,5500,홀
ORD-10171,2025-11-04,M02,튀김세트,분식,5000,3,15000,배달
ORD-10172,2025-11-05,M20,하이볼,주류,6000,2,12000,홀
ORD-10173,2025-11-06,M20,하이볼,주류,6000,1,6000,배달
ORD-10174,2025-11-06,M06,어묵탕,분식,5500,2,11000,배달
ORD-10175,2025-11-06,M11,비빔국수,식사,7000,1,7000,홀
ORD-10176,2025-11-07,M06,어묵탕,분식,5500,3,16500,홀
ORD-10177,2025-11-07,M02,튀김세트,분식,5000,3,15000,홀
ORD-10178,2025-11-07,M05,참치마요주먹밥,분식,4000,1,4000,홀
ORD-10179,2025-11-08,M18,소주,주류,5000,1,5000,홀
ORD-10180,2025-11-08,M15,제로콜라,음료,2000,1,2000,배달
ORD-10181,2025-11-08,M07,순두부찌개,식사,8000,2,16000,배달
ORD-10182,2025-11-08,M09,치즈돈까스,식사,9500,1,9500,배달
ORD-10183,2025-11-08,M14,사이다,음료,2000,2,4000,배달
ORD-10184,2025-11-08,M02,튀김세트,분식,5000,1,5000,배달
ORD-10185,2025-11-08,M20,하이볼,주류,6000,2,12000,배달
ORD-10186,2025-11-08,M15,제로콜라,음료,2000,3,6000,배달
ORD-10187,2025-11-08,M18,소주,주류,5000,1,5000,배달
ORD-10188,2025-11-08,M19,생맥주,주류,4500,3,13500,배달
ORD-10189,2025-11-09,M15,제로콜라,음료,2000,1,2000,홀
ORD-10190,2025-11-10,M02,튀김세트,분식,5000,2,10000,홀
ORD-10191,2025-11-10,M05,참치마요주먹밥,분식,4000,1,4000,배달
ORD-10192,2025-11-10,M14,사이다,음료,2000,3,6000,배달
ORD-10193,2025-11-10,M14,사이다,음료,2000,2,4000,배달
ORD-10194,2025-11-10,M02,튀김세트,분식,5000,2,10000,홀
ORD-10195,2025-11-10,M12,알밥,식사,6500,3,19500,배달
ORD-10196,2025-11-10,M04,로제 떡볶이,분식,6500,3,19500,홀
ORD-10197,2025-11-10,M01,떡볶이,분식,4500,2,9000,홀
ORD-10198,2025-11-11,M16,식혜,음료,3000,1,3000,홀
ORD-10199,2025-11-11,M06,어묵탕,분식,5500,2,11000,배달
ORD-10200,2025-11-11,M02,튀김세트,분식,5000,1,5000,배달
ORD-10201,2025-11-11,M19,생맥주,주류,4500,3,13500,홀
ORD-10202,2025-11-11,M17,맥주,주류,5000,2,10000,홀
ORD-10203,2025-11-11,M08,만두국,식사,7500,1,7500,홀
ORD-10204,2025-11-11,M02,튀김세트,분식,5000,3,15000,홀
ORD-10205,2025-11-11,M02,튀김세트,분식,5000,1,5000,배달
ORD-10206,2025-11-11,M01,떡볶이,분식,4500,3,13500,배달
ORD-10207,2025-11-12,M06,어묵탕,분식,5500,3,16500,배달
ORD-10208,2025-11-12,M20,하이볼,주류,6000,3,18000,홀
ORD-10209,2025-11-12,M17,맥주,주류,5000,1,5000,홀
ORD-10210,2025-11-12,M01,떡볶이,분식,4500,1,4500,홀
ORD-10211,2025-11-12,M05,참치마요주먹밥,분식,4000,1,4000,홀
ORD-10212,2025-11-12,M10,제육덮밥,식사,8500,3,25500,홀
ORD-10213,2025-11-12,M01,떡볶이,분식,4500,3,13500,홀
ORD-10214,2025-11-12,M02,튀김세트,분식,5000,3,15000,홀
ORD-10215,2025-11-13,M18,소주,주류,5000,2,10000,홀
ORD-10216,2025-11-13,M09,치즈돈까스,식사,9500,3,28500,홀
ORD-10217,2025-11-13,M05,참치마요주먹밥,분식,4000,1,4000,홀
ORD-10218,2025-11-14,M17,맥주,주류,5000,2,10000,홀
ORD-10219,2025-11-15,M11,비빔국수,식사,7000,3,21000,홀
ORD-10220,2025-11-15,M11,비빔국수,식사,7000,1,7000,홀
ORD-10221,2025-11-15,M17,맥주,주류,5000,2,10000,홀
ORD-10222,2025-11-15,M19,생맥주,주류,4500,3,13500,배달
ORD-10223,2025-11-16,M19,생맥주,주류,4500,1,4500,배달
ORD-10224,2025-11-16,M19,생맥주,주류,4500,1,4500,배달
ORD-10225,2025-11-16,M06,어묵탕,분식,5500,2,11000,배달
ORD-10226,2025-11-17,M02,튀김세트,분식,5000,1,5000,홀
ORD-10227,2025-11-17,M12,알밥,식사,6500,1,6500,홀
ORD-10228,2025-11-17,M12,알밥,식사,6500,2,13000,홀
ORD-10229,2025-11-17,M09,치즈돈까스,식사,9500,1,9500,홀
ORD-10230,2025-11-17,M12,알밥,식사,6500,2,13000,홀
ORD-10231,2025-11-17,M02,튀김세트,분식,5000,1,5000,배달
ORD-10232,2025-11-17,M04,로제 떡볶이,분식,6500,2,13000,배달
ORD-10233,2025-11-18,M02,튀김세트,분식,5000,3,15000,배달
ORD-10234,2025-11-18,M17,맥주,주류,5000,2,10000,홀
ORD-10235,2025-11-18,M02,튀김세트,분식,5000,3,15000,홀
ORD-10236,2025-11-18,M04,로제 떡볶이,분식,6500,3,19500,홀
ORD-10237,2025-11-18,M13,콜라,음료,2000,3,6000,홀
ORD-10238,2025-11-19,M13,콜라,음료,2000,1,2000,홀
ORD-10239,2025-11-19,M05,참치마요주먹밥,분식,4000,1,4000,홀
ORD-10240,2025-11-19,M01,떡볶이,분식,4500,2,9000,홀
ORD-10241,2025-11-19,M17,맥주,주류,5000,1,5000,배달
ORD-10242,2025-11-19,M15,제로콜라,음료,2000,3,6000,홀
ORD-10243,2025-11-19,M06,어묵탕,분식,5500,3,16500,홀
ORD-10244,2025-11-19,M17,맥주,주류,5000,1,5000,홀
ORD-10245,2025-11-20,M03,찰순대,분식,4500,1,4500,홀
ORD-10246,2025-11-20,M03,찰순대,분식,4500,1,4500,홀
ORD-10247,2025-11-20,M13,콜라,음료,2000,1,2000,홀
ORD-10248,2025-11-20,M08,만두국,식사,7500,3,22500,홀
ORD-10249,2025-11-20,M15,제로콜라,음료,2000,1,2000,홀
ORD-10250,2025-11-20,M13,콜라,음료,2000,2,4000,홀
ORD-10251,2025-11-21,M01,떡볶이,분식,4500,3,13500,홀
ORD-10252,2025-11-22,M18,소주,주류,5000,2,10000,배달
ORD-10253,2025-11-22,M03,찰순대,분식,4500,3,13500,배달
ORD-10254,2025-11-22,M12,알밥,식사,6500,1,6500,배달
ORD-10255,2025-11-22,M02,튀김세트,분식,5000,1,5000,배달
ORD-10256,2025-11-22,M05,참치마요주먹밥,분식,4000,1,4000,홀
ORD-10257,2025-11-22,M19,생맥주,주류,4500,1,4500,배달
ORD-10258,2025-11-23,M04,로제 떡볶이,분식,6500,1,6500,배달
ORD-10259,2025-11-23,M02,튀김세트,분식,5000,1,5000,배달
ORD-10260,2025-11-23,M20,하이볼,주류,6000,3,18000,배달
ORD-10261,2025-11-23,M18,소주,주류,5000,3,15000,배달
ORD-10262,2025-11-23,M08,만두국,식사,7500,1,7500,배달
ORD-10263,2025-11-23,M20,하이볼,주류,6000,1,6000,배달
ORD-10264,2025-11-23,M16,식혜,음료,3000,3,9000,배달
ORD-10265,2025-11-24,M04,로제 떡볶이,분식,6500,2,13000,홀
ORD-10266,2025-11-24,M02,튀김세트,분식,5000,1,5000,홀
ORD-10267,2025-11-24,M19,생맥주,주류,4500,3,13500,홀
ORD-10268,2025-11-24,M05,참치마요주먹밥,분식,4000,2,8000,홀
ORD-10269,2025-11-24,M11,비빔국수,식사,7000,2,14000,배달
ORD-10270,2025-11-24,M14,사이다,음료,2000,1,2000,홀
ORD-10271,2025-11-25,M04,로제 떡볶이,분식,6500,3,19500,배달
ORD-10272,2025-11-25,M16,식혜,음료,3000,1,3000,홀
ORD-10273,2025-11-25,M13,콜라,음료,2000,2,4000,홀
ORD-10274,2025-11-25,M04,로제 떡볶이,분식,6500,3,19500,홀
ORD-10275,2025-11-25,M14,사이다,음료,2000,1,2000,홀
ORD-10276,2025-11-25,M04,로제 떡볶이,분식,6500,3,19500,배달
ORD-10277,2025-11-25,M04,로제 떡볶이,분식,6500,2,13000,배달
ORD-10278,2025-11-26,M18,소주,주류,5000,3,15000,홀
ORD-10279,2025-11-26,M05,참치마요주먹밥,분식,4000,2,8000,홀
ORD-10280,2025-11-26,M19,생맥주,주류,4500,1,4500,홀
ORD-10281,2025-11-27,M16,식혜,음료,3000,3,9000,홀
ORD-10282,2025-11-27,M06,어묵탕,분식,5500,1,5500,홀
ORD-10283,2025-11-27,M09,치즈돈까스,식사,9500,3,28500,배달
ORD-10284,2025-11-27,M11,비빔국수,식사,7000,2,14000,홀
ORD-10285,2025-11-27,M05,참치마요주먹밥,분식,4000,3,12000,홀
ORD-10286,2025-11-27,M02,튀김세트,분식,5000,3,15000,홀
ORD-10287,2025-11-27,M02,튀김세트,분식,5000,2,10000,배달
ORD-10288,2025-11-27,M10,제육덮밥,식사,8500,2,17000,홀
ORD-10289,2025-11-28,M06,어묵탕,분식,5500,1,5500,홀
ORD-10290,2025-11-28,M07,순두부찌개,식사,8000,2,16000,배달
ORD-10291,2025-11-28,M13,콜라,음료,2000,1,2000,배달
ORD-10292,2025-11-28,M12,알밥,식사,6500,3,19500,홀
ORD-10293,2025-11-29,M13,콜라,음료,2000,1,2000,홀
ORD-10294,2025-11-29,M01,떡볶이,분식,4500,3,13500,배달
ORD-10295,2025-11-29,M19,생맥주,주류,4500,3,13500,배달
ORD-10296,2025-11-29,M08,만두국,식사,7500,3,22500,배달
ORD-10297,2025-11-29,M04,로제 떡볶이,분식,6500,2,13000,배달
ORD-10298,2025-12-01,M05,참치마요주먹밥,분식,4000,1,4000,배달
ORD-10299,2025-12-01,M07,순두부찌개,식사,8000,1,8000,배달
ORD-10300,2025-12-01,M12,알밥,식사,6500,2,13000,홀
ORD-10301,2025-12-01,M02,튀김세트,분식,5000,2,10000,홀
ORD-10302,2025-12-01,M06,어묵탕,분식,5500,2,11000,홀
ORD-10303,2025-12-01,M01,떡볶이,분식,4500,1,4500,홀
ORD-10304,2025-12-01,M01,떡볶이,분식,4500,2,9000,홀
ORD-10305,2025-12-01,M14,사이다,음료,2000,1,2000,홀
ORD-10306,2025-12-01,M12,알밥,식사,6500,1,6500,홀
ORD-10307,2025-12-01,M05,참치마요주먹밥,분식,4000,2,8000,배달
ORD-10308,2025-12-02,M18,소주,주류,5000,1,5000,홀
ORD-10309,2025-12-03,M13,콜라,음료,2000,1,2000,배달
ORD-10310,2025-12-03,M07,순두부찌개,식사,8000,2,16000,홀
ORD-10311,2025-12-03,M15,제로콜라,음료,2000,1,2000,홀
ORD-10312,2025-12-03,M19,생맥주,주류,4500,1,4500,배달
ORD-10313,2025-12-03,M01,떡볶이,분식,4500,3,13500,배달
ORD-10314,2025-12-03,M04,로제 떡볶이,분식,6500,3,19500,배달
ORD-10315,2025-12-03,M18,소주,주류,5000,1,5000,배달
ORD-10316,2025-12-03,M14,사이다,음료,2000,1,2000,배달
ORD-10317,2025-12-03,M01,떡볶이,분식,4500,1,4500,홀
ORD-10318,2025-12-03,M17,맥주,주류,5000,3,15000,홀
ORD-10319,2025-12-04,M05,참치마요주먹밥,분식,4000,1,4000,배달
ORD-10320,2025-12-04,M08,만두국,식사,7500,3,22500,배달
ORD-10321,2025-12-04,M06,어묵탕,분식,5500,2,11000,홀
ORD-10322,2025-12-04,M19,생맥주,주류,4500,2,9000,홀
ORD-10323,2025-12-04,M06,어묵탕,분식,5500,1,5500,홀
ORD-10324,2025-12-04,M02,튀김세트,분식,5000,3,15000,홀
ORD-10325,2025-12-04,M10,제육덮밥,식사,8500,2,17000,배달
ORD-10326,2025-12-04,M01,떡볶이,분식,4500,1,4500,홀
ORD-10327,2025-12-05,M02,튀김세트,분식,5000,1,5000,홀
ORD-10328,2025-12-05,M19,생맥주,주류,4500,2,9000,홀
ORD-10329,2025-12-05,M18,소주,주류,5000,2,10000,홀
ORD-10330,2025-12-05,M07,순두부찌개,식사,8000,3,24000,배달
ORD-10331,2025-12-05,M01,떡볶이,분식,4500,1,4500,홀
ORD-10332,2025-12-05,M03,찰순대,분식,4500,2,9000,홀
ORD-10333,2025-12-05,M04,로제 떡볶이,분식,6500,3,19500,홀
ORD-10334,2025-12-05,M04,로제 떡볶이,분식,6500,3,19500,홀
ORD-10335,2025-12-05,M06,어묵탕,분식,5500,2,11000,배달
ORD-10336,2025-12-05,M15,제로콜라,음료,2000,1,2000,홀
ORD-10337,2025-12-06,M20,하이볼,주류,6000,2,12000,배달
ORD-10338,2025-12-06,M20,하이볼,주류,6000,3,18000,배달
ORD-10339,2025-12-06,M06,어묵탕,분식,5500,1,5500,배달
ORD-10340,2025-12-06,M19,생맥주,주류,4500,2,9000,배달
ORD-10341,2025-12-06,M17,맥주,주류,5000,2,10000,배달
ORD-10342,2025-12-06,M09,치즈돈까스,식사,9500,3,28500,배달
ORD-10343,2025-12-06,M17,맥주,주류,5000,3,15000,배달
ORD-10344,2025-12-06,M01,떡볶이,분식,4500,3,13500,홀
ORD-10345,2025-12-06,M18,소주,주류,5000,1,5000,홀
ORD-10346,2025-12-07,M18,소주,주류,5000,1,5000,배달
ORD-10347,2025-12-07,M07,순두부찌개,식사,8000,3,24000,배달
ORD-10348,2025-12-07,M20,하이볼,주류,6000,1,6000,배달
ORD-10349,2025-12-07,M19,생맥주,주류,4500,1,4500,배달
ORD-10350,2025-12-07,M11,비빔국수,식사,7000,2,14000,배달
ORD-10351,2025-12-07,M18,소주,주류,5000,3,15000,배달
ORD-10352,2025-12-07,M12,알밥,식사,6500,1,6500,배달
ORD-10353,2025-12-07,M04,로제 떡볶이,분식,6500,2,13000,배달
ORD-10354,2025-12-08,M04,로제 떡볶이,분식,6500,1,6500,배달
ORD-10355,2025-12-08,M06,어묵탕,분식,5500,3,16500,배달
ORD-10356,2025-12-08,M01,떡볶이,분식,4500,3,13500,배달
ORD-10357,2025-12-08,M17,맥주,주류,5000,3,15000,배달
ORD-10358,2025-12-08,M05,참치마요주먹밥,분식,4000,2,8000,홀
ORD-10359,2025-12-08,M05,참치마요주먹밥,분식,4000,3,12000,배달
ORD-10360,2025-12-09,M09,치즈돈까스,식사,9500,3,28500,배달
ORD-10361,2025-12-09,M20,하이볼,주류,6000,1,6000,배달
ORD-10362,2025-12-10,M01,떡볶이,분식,4500,3,13500,홀
ORD-10363,2025-12-11,M01,떡볶이,분식,4500,2,9000,배달
ORD-10364,2025-12-11,M05,참치마요주먹밥,분식,4000,1,4000,배달
ORD-10365,2025-12-11,M05,참치마요주먹밥,분식,4000,1,4000,홀
ORD-10366,2025-12-11,M03,찰순대,분식,4500,2,9000,홀
ORD-10367,2025-12-11,M07,순두부찌개,식사,8000,3,24000,홀
ORD-10368,2025-12-11,M03,찰순대,분식,4500,3,13500,배달
ORD-10369,2025-12-11,M19,생맥주,주류,4500,2,9000,홀
ORD-10370,2025-12-11,M02,튀김세트,분식,5000,1,5000,배달
ORD-10371,2025-12-12,M06,어묵탕,분식,5500,3,16500,홀
ORD-10372,2025-12-12,M05,참치마요주먹밥,분식,4000,1,4000,홀
ORD-10373,2025-12-12,M03,찰순대,분식,4500,2,9000,홀
ORD-10374,2025-12-14,M07,순두부찌개,식사,8000,3,24000,배달
ORD-10375,2025-12-14,M14,사이다,음료,2000,3,6000,배달
ORD-10376,2025-12-14,M06,어묵탕,분식,5500,3,16500,홀
ORD-10377,2025-12-14,M04,로제 떡볶이,분식,6500,3,19500,배달
ORD-10378,2025-12-14,M17,맥주,주류,5000,3,15000,배달
ORD-10379,2025-12-16,M05,참치마요주먹밥,분식,4000,1,4000,홀
ORD-10380,2025-12-16,M05,참치마요주먹밥,분식,4000,2,8000,홀
ORD-10381,2025-12-16,M18,소주,주류,5000,2,10000,배달
ORD-10382,2025-12-16,M06,어묵탕,분식,5500,2,11000,홀
ORD-10383,2025-12-16,M18,소주,주류,5000,1,5000,홀
ORD-10384,2025-12-16,M01,떡볶이,분식,4500,2,9000,홀
ORD-10385,2025-12-16,M01,떡볶이,분식,4500,1,4500,홀
ORD-10386,2025-12-16,M06,어묵탕,분식,5500,2,11000,배달
ORD-10387,2025-12-17,M01,떡볶이,분식,4500,2,9000,배달
ORD-10388,2025-12-17,M01,떡볶이,분식,4500,2,9000,홀
ORD-10389,2025-12-17,M08,만두국,식사,7500,1,7500,배달
ORD-10390,2025-12-17,M02,튀김세트,분식,5000,3,15000,홀
ORD-10391,2025-12-17,M07,순두부찌개,식사,8000,1,8000,홀
ORD-10392,2025-12-17,M07,순두부찌개,식사,8000,2,16000,홀
ORD-10393,2025-12-18,M03,찰순대,분식,4500,3,13500,홀
ORD-10394,2025-12-18,M01,떡볶이,분식,4500,2,9000,홀
ORD-10395,2025-12-18,M03,찰순대,분식,4500,2,9000,홀
ORD-10396,2025-12-18,M04,로제 떡볶이,분식,6500,1,6500,배달
ORD-10397,2025-12-18,M01,떡볶이,분식,4500,1,4500,홀
ORD-10398,2025-12-18,M01,떡볶이,분식,4500,3,13500,배달
ORD-10399,2025-12-19,M16,식혜,음료,3000,1,3000,홀
ORD-10400,2025-12-19,M14,사이다,음료,2000,3,6000,홀
ORD-10401,2025-12-19,M20,하이볼,주류,6000,3,18000,홀
ORD-10402,2025-12-19,M01,떡볶이,분식,4500,3,13500,홀
ORD-10403,2025-12-19,M11,비빔국수,식사,7000,3,21000,홀
ORD-10404,2025-12-19,M02,튀김세트,분식,5000,2,10000,홀
ORD-10405,2025-12-19,M11,비빔국수,식사,7000,1,7000,배달
ORD-10406,2025-12-20,M17,맥주,주류,5000,2,10000,배달
ORD-10407,2025-12-21,M10,제육덮밥,식사,8500,1,8500,배달
ORD-10408,2025-12-21,M17,맥주,주류,5000,2,10000,배달
ORD-10409,2025-12-21,M18,소주,주류,5000,3,15000,홀
ORD-10410,2025-12-21,M04,로제 떡볶이,분식,6500,1,6500,배달
ORD-10411,2025-12-21,M15,제로콜라,음료,2000,3,6000,배달
ORD-10412,2025-12-21,M04,로제 떡볶이,분식,6500,2,13000,배달
ORD-10413,2025-12-21,M19,생맥주,주류,4500,3,13500,홀
ORD-10414,2025-12-21,M16,식혜,음료,3000,1,3000,배달
ORD-10415,2025-12-21,M11,비빔국수,식사,7000,1,7000,배달
ORD-10416,2025-12-21,M01,떡볶이,분식,4500,2,9000,배달
ORD-10417,2025-12-22,M01,떡볶이,분식,4500,1,4500,홀
ORD-10418,2025-12-22,M19,생맥주,주류,4500,2,9000,홀
ORD-10419,2025-12-22,M01,떡볶이,분식,4500,1,4500,홀
ORD-10420,2025-12-22,M12,알밥,식사,6500,1,6500,홀
ORD-10421,2025-12-23,M20,하이볼,주류,6000,2,12000,배달
ORD-10422,2025-12-25,M04,로제 떡볶이,분식,6500,3,19500,배달
ORD-10423,2025-12-25,M05,참치마요주먹밥,분식,4000,3,12000,홀
ORD-10424,2025-12-25,M03,찰순대,분식,4500,3,13500,배달
ORD-10425,2025-12-25,M06,어묵탕,분식,5500,1,5500,홀
ORD-10426,2025-12-25,M20,하이볼,주류,6000,2,12000,홀
ORD-10427,2025-12-25,M01,떡볶이,분식,4500,1,4500,홀
ORD-10428,2025-12-25,M15,제로콜라,음료,2000,1,2000,홀
ORD-10429,2025-12-25,M20,하이볼,주류,6000,1,6000,홀
ORD-10430,2025-12-25,M01,떡볶이,분식,4500,2,9000,배달
ORD-10431,2025-12-25,M01,떡볶이,분식,4500,2,9000,배달
ORD-10432,2025-12-26,M01,떡볶이,분식,4500,3,13500,배달
ORD-10433,2025-12-26,M04,로제 떡볶이,분식,6500,1,6500,배달
ORD-10434,2025-12-27,M18,소주,주류,5000,1,5000,배달
ORD-10435,2025-12-27,M05,참치마요주먹밥,분식,4000,1,4000,배달
ORD-10436,2025-12-27,M11,비빔국수,식사,7000,2,14000,홀
ORD-10437,2025-12-27,M18,소주,주류,5000,2,10000,홀
ORD-10438,2025-12-27,M08,만두국,식사,7500,2,15000,배달
ORD-10439,2025-12-27,M18,소주,주류,5000,1,5000,배달
ORD-10440,2025-12-27,M20,하이볼,주류,6000,3,18000,배달
ORD-10441,2025-12-28,M17,맥주,주류,5000,3,15000,배달
ORD-10442,2025-12-28,M01,떡볶이,분식,4500,3,13500,홀
ORD-10443,2025-12-28,M19,생맥주,주류,4500,1,4500,배달
ORD-10444,2025-12-28,M11,비빔국수,식사,7000,1,7000,배달
ORD-10445,2025-12-28,M17,맥주,주류,5000,1,5000,배달
ORD-10446,2025-12-28,M01,떡볶이,분식,4500,2,9000,홀
ORD-10447,2025-12-28,M11,비빔국수,식사,7000,3,21000,홀
ORD-10448,2025-12-29,M03,찰순대,분식,4500,2,9000,홀
ORD-10449,2025-12-29,M01,떡볶이,분식,4500,2,9000,홀
ORD-10450,2025-12-29,M09,치즈돈까스,식사,9500,3,28500,홀
ORD-10451,2025-12-29,M17,맥주,주류,5000,2,10000,홀
ORD-10452,2025-12-29,M01,떡볶이,분식,4500,1,4500,배달
ORD-10453,2025-12-31,M01,떡볶이,분식,4500,3,13500,배달
ORD-10454,2026-01-01,M14,사이다,음료,2000,3,6000,홀
ORD-10455,2026-01-02,M03,찰순대,분식,4500,2,9000,홀
ORD-10456,2026-01-02,M02,튀김세트,분식,5000,2,10000,홀
ORD-10457,2026-01-02,M05,참치마요주먹밥,분식,4000,1,4000,홀
ORD-10458,2026-01-02,M03,찰순대,분식,4500,3,13500,홀
ORD-10459,2026-01-02,M02,튀김세트,분식,5000,1,5000,배달
ORD-10460,2026-01-02,M02,튀김세트,분식,5000,1,5000,홀
ORD-10461,2026-01-02,M14,사이다,음료,2000,3,6000,홀
ORD-10462,2026-01-03,M05,참치마요주먹밥,분식,4000,2,8000,홀
ORD-10463,2026-01-03,M05,참치마요주먹밥,분식,4000,3,12000,배달
ORD-10464,2026-01-04,M02,튀김세트,분식,5000,2,10000,홀
ORD-10465,2026-01-04,M20,하이볼,주류,6000,2,12000,배달
ORD-10466,2026-01-04,M11,비빔국수,식사,7000,2,14000,배달
ORD-10467,2026-01-05,M16,식혜,음료,3000,2,6000,배달
ORD-10468,2026-01-05,M01,떡볶이,분식,4500,1,4500,홀
ORD-10469,2026-01-05,M06,어묵탕,분식,5500,3,16500,배달
ORD-10470,2026-01-05,M20,하이볼,주류,6000,2,12000,홀
ORD-10471,2026-01-05,M10,제육덮밥,식사,8500,2,17000,홀
ORD-10472,2026-01-06,M03,찰순대,분식,4500,1,4500,배달
ORD-10473,2026-01-06,M04,로제 떡볶이,분식,6500,1,6500,배달
ORD-10474,2026-01-06,M17,맥주,주류,5000,2,10000,홀
ORD-10475,2026-01-06,M03,찰순대,분식,4500,2,9000,홀
ORD-10476,2026-01-06,M02,튀김세트,분식,5000,1,5000,홀
ORD-10477,2026-01-06,M03,찰순대,분식,4500,2,9000,홀
ORD-10478,2026-01-06,M05,참치마요주먹밥,분식,4000,1,4000,홀
ORD-10479,2026-01-06,M07,순두부찌개,식사,8000,2,16000,홀
ORD-10480,2026-01-06,M01,떡볶이,분식,4500,1,4500,홀
ORD-10481,2026-01-06,M01,떡볶이,분식,4500,3,13500,홀
ORD-10482,2026-01-07,M10,제육덮밥,식사,8500,2,17000,배달
ORD-10483,2026-01-07,M01,떡볶이,분식,4500,2,9000,홀
ORD-10484,2026-01-07,M08,만두국,식사,7500,2,15000,홀
ORD-10485,2026-01-07,M03,찰순대,분식,4500,3,13500,홀
ORD-10486,2026-01-08,M10,제육덮밥,식사,8500,3,25500,홀
ORD-10487,2026-01-08,M05,참치마요주먹밥,분식,4000,1,4000,배달
ORD-10488,2026-01-08,M14,사이다,음료,2000,3,6000,배달
ORD-10489,2026-01-08,M06,어묵탕,분식,5500,3,16500,배달
ORD-10490,2026-01-08,M16,식혜,음료,3000,3,9000,홀
ORD-10491,2026-01-08,M07,순두부찌개,식사,8000,1,8000,배달
ORD-10492,2026-01-08,M20,하이볼,주류,6000,1,6000,배달
ORD-10493,2026-01-08,M09,치즈돈까스,식사,9500,1,9500,홀
ORD-10494,2026-01-08,M12,알밥,식사,6500,1,6500,배달
ORD-10495,2026-01-08,M14,사이다,음료,2000,2,4000,홀
ORD-10496,2026-01-09,M14,사이다,음료,2000,3,6000,홀
ORD-10497,2026-01-09,M05,참치마요주먹밥,분식,4000,1,4000,홀
ORD-10498,2026-01-09,M02,튀김세트,분식,5000,3,15000,배달
ORD-10499,2026-01-09,M04,로제 떡볶이,분식,6500,3,19500,배달
ORD-10500,2026-01-09,M02,튀김세트,분식,5000,3,15000,홀
ORD-10501,2026-01-09,M07,순두부찌개,식사,8000,3,24000,홀
ORD-10502,2026-01-09,M07,순두부찌개,식사,8000,2,16000,홀
ORD-10503,2026-01-09,M03,찰순대,분식,4500,1,4500,홀
ORD-10504,2026-01-09,M03,찰순대,분식,4500,3,13500,배달
ORD-10505,2026-01-09,M10,제육덮밥,식사,8500,2,17000,홀
ORD-10506,2026-01-10,M20,하이볼,주류,6000,3,18000,홀
ORD-10507,2026-01-10,M05,참치마요주먹밥,분식,4000,2,8000,배달
ORD-10508,2026-01-10,M20,하이볼,주류,6000,2,12000,배달
ORD-10509,2026-01-10,M03,찰순대,분식,4500,3,13500,홀
ORD-10510,2026-01-10,M06,어묵탕,분식,5500,2,11000,배달
ORD-10511,2026-01-10,M10,제육덮밥,식사,8500,1,8500,배달
ORD-10512,2026-01-10,M11,비빔국수,식사,7000,1,7000,홀
ORD-10513,2026-01-10,M08,만두국,식사,7500,2,15000,홀
ORD-10514,2026-01-10,M18,소주,주류,5000,1,5000,홀
ORD-10515,2026-01-10,M10,제육덮밥,식사,8500,1,8500,홀
ORD-10516,2026-01-12,M20,하이볼,주류,6000,3,18000,홀
ORD-10517,2026-01-12,M16,식혜,음료,3000,2,6000,배달
ORD-10518,2026-01-12,M06,어묵탕,분식,5500,2,11000,홀
ORD-10519,2026-01-12,M02,튀김세트,분식,5000,1,5000,홀
ORD-10520,2026-01-12,M19,생맥주,주류,4500,1,4500,홀
ORD-10521,2026-01-12,M01,떡볶이,분식,4500,1,4500,홀
ORD-10522,2026-01-13,M18,소주,주류,5000,2,10000,홀
ORD-10523,2026-01-15,M01,떡볶이,분식,4500,2,9000,홀
ORD-10524,2026-01-15,M12,알밥,식사,6500,1,6500,배달
ORD-10525,2026-01-15,M13,콜라,음료,2000,1,2000,홀
ORD-10526,2026-01-15,M11,비빔국수,식사,7000,1,7000,배달
ORD-10527,2026-01-15,M14,사이다,음료,2000,3,6000,홀
ORD-10528,2026-01-15,M03,찰순대,분식,4500,2,9000,홀
ORD-10529,2026-01-15,M03,찰순대,분식,4500,2,9000,홀
ORD-10530,2026-01-15,M16,식혜,음료,3000,2,6000,홀
ORD-10531,2026-01-16,M06,어묵탕,분식,5500,3,16500,홀
ORD-10532,2026-01-16,M13,콜라,음료,2000,3,6000,홀
ORD-10533,2026-01-16,M19,생맥주,주류,4500,1,4500,홀
ORD-10534,2026-01-16,M07,순두부찌개,식사,8000,3,24000,홀
ORD-10535,2026-01-16,M13,콜라,음료,2000,2,4000,홀
ORD-10536,2026-01-16,M02,튀김세트,분식,5000,2,10000,홀
ORD-10537,2026-01-16,M19,생맥주,주류,4500,2,9000,홀
ORD-10538,2026-01-16,M01,떡볶이,분식,4500,2,9000,홀
ORD-10539,2026-01-16,M02,튀김세트,분식,5000,2,10000,배달
ORD-10540,2026-01-16,M04,로제 떡볶이,분식,6500,3,19500,홀
ORD-10541,2026-01-17,M08,만두국,식사,7500,1,7500,배달
ORD-10542,2026-01-17,M07,순두부찌개,식사,8000,2,16000,배달
ORD-10543,2026-01-17,M17,맥주,주류,5000,2,10000,배달
ORD-10544,2026-01-17,M18,소주,주류,5000,3,15000,홀
ORD-10545,2026-01-17,M08,만두국,식사,7500,3,22500,홀
ORD-10546,2026-01-17,M15,제로콜라,음료,2000,1,2000,홀
ORD-10547,2026-01-17,M09,치즈돈까스,식사,9500,1,9500,홀
ORD-10548,2026-01-17,M13,콜라,음료,2000,3,6000,배달
ORD-10549,2026-01-18,M08,만두국,식사,7500,2,15000,배달
ORD-10550,2026-01-18,M17,맥주,주류,5000,3,15000,배달
ORD-10551,2026-01-18,M17,맥주,주류,5000,1,5000,배달
ORD-10552,2026-01-19,M05,참치마요주먹밥,분식,4000,1,4000,홀
ORD-10553,2026-01-19,M14,사이다,음료,2000,3,6000,홀
ORD-10554,2026-01-19,M16,식혜,음료,3000,1,3000,홀
ORD-10555,2026-01-19,M03,찰순대,분식,4500,2,9000,홀
ORD-10556,2026-01-19,M15,제로콜라,음료,2000,1,2000,홀
ORD-10557,2026-01-19,M06,어묵탕,분식,5500,3,16500,홀
ORD-10558,2026-01-19,M11,비빔국수,식사,7000,1,7000,홀
ORD-10559,2026-01-19,M08,만두국,식사,7500,1,7500,홀
ORD-10560,2026-01-19,M02,튀김세트,분식,5000,3,15000,홀
ORD-10561,2026-01-19,M05,참치마요주먹밥,분식,4000,3,12000,배달
ORD-10562,2026-01-20,M03,찰순대,분식,4500,1,4500,홀
ORD-10563,2026-01-21,M06,어묵탕,분식,5500,2,11000,홀
ORD-10564,2026-01-22,M01,떡볶이,분식,4500,3,13500,홀
ORD-10565,2026-01-23,M05,참치마요주먹밥,분식,4000,3,12000,배달
ORD-10566,2026-01-23,M09,치즈돈까스,식사,9500,2,19000,홀
ORD-10567,2026-01-23,M15,제로콜라,음료,2000,3,6000,배달
ORD-10568,2026-01-24,M20,하이볼,주류,6000,1,6000,홀
ORD-10569,2026-01-24,M20,하이볼,주류,6000,3,18000,배달
ORD-10570,2026-01-24,M12,알밥,식사,6500,1,6500,배달
ORD-10571,2026-01-24,M19,생맥주,주류,4500,3,13500,배달
ORD-10572,2026-01-24,M16,식혜,음료,3000,1,3000,배달
ORD-10573,2026-01-25,M17,맥주,주류,5000,3,15000,배달
ORD-10574,2026-01-25,M16,식혜,음료,3000,2,6000,배달
ORD-10575,2026-01-25,M02,튀김세트,분식,5000,1,5000,배달
ORD-10576,2026-01-25,M03,찰순대,분식,4500,3,13500,배달
ORD-10577,2026-01-25,M04,로제 떡볶이,분식,6500,1,6500,배달
ORD-10578,2026-01-25,M02,튀김세트,분식,5000,2,10000,배달
ORD-10579,2026-01-25,M15,제로콜라,음료,2000,2,4000,배달
ORD-10580,2026-01-26,M07,순두부찌개,식사,8000,1,8000,홀
ORD-10581,2026-01-26,M09,치즈돈까스,식사,9500,3,28500,홀
ORD-10582,2026-01-27,M06,어묵탕,분식,5500,1,5500,홀
ORD-10583,2026-01-27,M10,제육덮밥,식사,8500,2,17000,배달
ORD-10584,2026-01-28,M02,튀김세트,분식,5000,2,10000,홀
ORD-10585,2026-01-28,M15,제로콜라,음료,2000,1,2000,홀
ORD-10586,2026-01-28,M06,어묵탕,분식,5500,1,5500,홀
ORD-10587,2026-01-28,M01,떡볶이,분식,4500,3,13500,홀
ORD-10588,2026-01-28,M05,참치마요주먹밥,분식,4000,3,12000,홀
ORD-10589,2026-01-28,M04,로제 떡볶이,분식,6500,1,6500,홀
ORD-10590,2026-01-28,M03,찰순대,분식,4500,3,13500,배달
ORD-10591,2026-01-28,M09,치즈돈까스,식사,9500,2,19000,홀
ORD-10592,2026-01-28,M12,알밥,식사,6500,2,13000,배달
ORD-10593,2026-01-29,M07,순두부찌개,식사,8000,1,8000,홀
ORD-10594,2026-01-29,M19,생맥주,주류,4500,2,9000,배달
ORD-10595,2026-01-30,M01,떡볶이,분식,4500,3,13500,홀
ORD-10596,2026-01-30,M04,로제 떡볶이,분식,6500,1,6500,배달
ORD-10597,2026-01-30,M16,식혜,음료,3000,3,9000,배달
ORD-10598,2026-01-30,M01,떡볶이,분식,4500,1,4500,홀
ORD-10599,2026-01-30,M07,순두부찌개,식사,8000,3,24000,홀
ORD-10600,2026-01-31,M17,맥주,주류,5000,2,10000,배달
ORD-10601,2026-02-01,M19,생맥주,주류,4500,1,4500,배달
ORD-10602,2026-02-01,M18,소주,주류,5000,1,5000,홀
ORD-10603,2026-02-01,M02,튀김세트,분식,5000,2,10000,홀
ORD-10604,2026-02-01,M18,소주,주류,5000,1,5000,배달
ORD-10605,2026-02-01,M18,소주,주류,5000,2,10000,배달
ORD-10606,2026-02-01,M10,제육덮밥,식사,8500,2,17000,배달
ORD-10607,2026-02-01,M13,콜라,음료,2000,1,2000,배달
ORD-10608,2026-02-03,M06,어묵탕,분식,5500,3,16500,홀
ORD-10609,2026-02-03,M15,제로콜라,음료,2000,3,6000,홀
ORD-10610,2026-02-03,M01,떡볶이,분식,4500,2,9000,홀
ORD-10611,2026-02-03,M05,참치마요주먹밥,분식,4000,3,12000,홀
ORD-10612,2026-02-03,M03,찰순대,분식,4500,2,9000,배달
ORD-10613,2026-02-03,M02,튀김세트,분식,5000,3,15000,홀
ORD-10614,2026-02-03,M06,어묵탕,분식,5500,3,16500,배달
ORD-10615,2026-02-03,M09,치즈돈까스,식사,9500,2,19000,홀
ORD-10616,2026-02-04,M01,떡볶이,분식,4500,3,13500,홀
ORD-10617,2026-02-04,M04,로제 떡볶이,분식,6500,1,6500,배달
ORD-10618,2026-02-04,M08,만두국,식사,7500,2,15000,배달
ORD-10619,2026-02-04,M06,어묵탕,분식,5500,3,16500,배달
ORD-10620,2026-02-04,M14,사이다,음료,2000,3,6000,홀
ORD-10621,2026-02-04,M09,치즈돈까스,식사,9500,2,19000,홀
ORD-10622,2026-02-04,M19,생맥주,주류,4500,1,4500,홀
ORD-10623,2026-02-05,M02,튀김세트,분식,5000,1,5000,배달
ORD-10624,2026-02-05,M20,하이볼,주류,6000,1,6000,홀
ORD-10625,2026-02-05,M05,참치마요주먹밥,분식,4000,1,4000,배달
ORD-10626,2026-02-05,M13,콜라,음료,2000,1,2000,홀
ORD-10627,2026-02-05,M02,튀김세트,분식,5000,1,5000,홀
ORD-10628,2026-02-05,M07,순두부찌개,식사,8000,3,24000,홀
ORD-10629,2026-02-05,M05,참치마요주먹밥,분식,4000,2,8000,홀
ORD-10630,2026-02-05,M02,튀김세트,분식,5000,3,15000,홀
ORD-10631,2026-02-05,M05,참치마요주먹밥,분식,4000,1,4000,홀
ORD-10632,2026-02-05,M14,사이다,음료,2000,2,4000,홀
ORD-10633,2026-02-06,M06,어묵탕,분식,5500,3,16500,배달
ORD-10634,2026-02-06,M04,로제 떡볶이,분식,6500,3,19500,홀
ORD-10635,2026-02-06,M10,제육덮밥,식사,8500,3,25500,배달
ORD-10636,2026-02-06,M05,참치마요주먹밥,분식,4000,1,4000,홀
ORD-10637,2026-02-06,M04,로제 떡볶이,분식,6500,1,6500,홀
ORD-10638,2026-02-06,M05,참치마요주먹밥,분식,4000,1,4000,배달
ORD-10639,2026-02-07,M18,소주,주류,5000,1,5000,배달
ORD-10640,2026-02-07,M04,로제 떡볶이,분식,6500,1,6500,홀
ORD-10641,2026-02-07,M02,튀김세트,분식,5000,2,10000,홀
ORD-10642,2026-02-07,M13,콜라,음료,2000,3,6000,배달
ORD-10643,2026-02-07,M19,생맥주,주류,4500,3,13500,배달
ORD-10644,2026-02-07,M13,콜라,음료,2000,3,6000,배달
ORD-10645,2026-02-07,M15,제로콜라,음료,2000,3,6000,홀
ORD-10646,2026-02-08,M17,맥주,주류,5000,3,15000,홀
ORD-10647,2026-02-08,M20,하이볼,주류,6000,1,6000,배달
ORD-10648,2026-02-08,M17,맥주,주류,5000,3,15000,홀
ORD-10649,2026-02-08,M06,어묵탕,분식,5500,3,16500,배달
ORD-10650,2026-02-09,M04,로제 떡볶이,분식,6500,2,13000,홀
ORD-10651,2026-02-09,M06,어묵탕,분식,5500,1,5500,배달
ORD-10652,2026-02-10,M07,순두부찌개,식사,8000,3,24000,홀
ORD-10653,2026-02-10,M13,콜라,음료,2000,2,4000,배달
ORD-10654,2026-02-10,M06,어묵탕,분식,5500,1,5500,홀
ORD-10655,2026-02-10,M03,찰순대,분식,4500,1,4500,배달
ORD-10656,2026-02-10,M03,찰순대,분식,4500,1,4500,홀
ORD-10657,2026-02-10,M03,찰순대,분식,4500,2,9000,홀
ORD-10658,2026-02-10,M04,로제 떡볶이,분식,6500,2,13000,배달
ORD-10659,2026-02-11,M07,순두부찌개,식사,8000,2,16000,홀
ORD-10660,2026-02-11,M11,비빔국수,식사,7000,3,21000,홀
ORD-10661,2026-02-11,M02,튀김세트,분식,5000,1,5000,배달
ORD-10662,2026-02-11,M16,식혜,음료,3000,2,6000,배달
ORD-10663,2026-02-11,M19,생맥주,주류,4500,1,4500,홀
ORD-10664,2026-02-11,M03,찰순대,분식,4500,3,13500,홀
ORD-10665,2026-02-11,M14,사이다,음료,2000,2,4000,홀
ORD-10666,2026-02-11,M03,찰순대,분식,4500,2,9000,홀
ORD-10667,2026-02-12,M17,맥주,주류,5000,2,10000,배달
ORD-10668,2026-02-12,M04,로제 떡볶이,분식,6500,3,19500,홀
ORD-10669,2026-02-12,M03,찰순대,분식,4500,3,13500,배달
ORD-10670,2026-02-12,M17,맥주,주류,5000,3,15000,홀
ORD-10671,2026-02-13,M01,떡볶이,분식,4500,2,9000,홀
ORD-10672,2026-02-14,M11,비빔국수,식사,7000,1,7000,홀
ORD-10673,2026-02-14,M19,생맥주,주류,4500,2,9000,배달
ORD-10674,2026-02-14,M02,튀김세트,분식,5000,2,10000,배달
ORD-10675,2026-02-14,M15,제로콜라,음료,2000,2,4000,배달
ORD-10676,2026-02-14,M06,어묵탕,분식,5500,2,11000,배달
ORD-10677,2026-02-14,M17,맥주,주류,5000,3,15000,배달
ORD-10678,2026-02-14,M19,생맥주,주류,4500,1,4500,홀
ORD-10679,2026-02-14,M16,식혜,음료,3000,2,6000,배달
ORD-10680,2026-02-14,M19,생맥주,주류,4500,1,4500,홀
ORD-10681,2026-02-14,M17,맥주,주류,5000,3,15000,홀
ORD-10682,2026-02-16,M02,튀김세트,분식,5000,3,15000,홀
ORD-10683,2026-02-16,M02,튀김세트,분식,5000,3,15000,홀
ORD-10684,2026-02-16,M15,제로콜라,음료,2000,3,6000,홀
ORD-10685,2026-02-16,M15,제로콜라,음료,2000,2,4000,배달
ORD-10686,2026-02-16,M07,순두부찌개,식사,8000,3,24000,배달
ORD-10687,2026-02-16,M17,맥주,주류,5000,3,15000,홀
ORD-10688,2026-02-16,M10,제육덮밥,식사,8500,3,25500,홀
ORD-10689,2026-02-17,M14,사이다,음료,2000,3,6000,홀
ORD-10690,2026-02-17,M02,튀김세트,분식,5000,3,15000,홀
ORD-10691,2026-02-17,M02,튀김세트,분식,5000,2,10000,홀
ORD-10692,2026-02-17,M08,만두국,식사,7500,1,7500,홀
ORD-10693,2026-02-17,M10,제육덮밥,식사,8500,3,25500,홀
ORD-10694,2026-02-17,M19,생맥주,주류,4500,3,13500,홀
ORD-10695,2026-02-17,M11,비빔국수,식사,7000,1,7000,홀
ORD-10696,2026-02-18,M11,비빔국수,식사,7000,1,7000,홀
ORD-10697,2026-02-18,M20,하이볼,주류,6000,1,6000,홀
ORD-10698,2026-02-18,M20,하이볼,주류,6000,1,6000,홀
ORD-10699,2026-02-18,M07,순두부찌개,식사,8000,2,16000,홀
ORD-10700,2026-02-18,M06,어묵탕,분식,5500,2,11000,홀
ORD-10701,2026-02-18,M20,하이볼,주류,6000,2,12000,홀
ORD-10702,2026-02-18,M17,맥주,주류,5000,2,10000,홀
ORD-10703,2026-02-18,M05,참치마요주먹밥,분식,4000,2,8000,배달
ORD-10704,2026-02-19,M19,생맥주,주류,4500,2,9000,홀
ORD-10705,2026-02-19,M03,찰순대,분식,4500,3,13500,배달
ORD-10706,2026-02-19,M18,소주,주류,5000,1,5000,홀
ORD-10707,2026-02-19,M20,하이볼,주류,6000,3,18000,홀
ORD-10708,2026-02-19,M20,하이볼,주류,6000,1,6000,홀
ORD-10709,2026-02-20,M15,제로콜라,음료,2000,2,4000,홀
ORD-10710,2026-02-20,M01,떡볶이,분식,4500,2,9000,홀
ORD-10711,2026-02-20,M17,맥주,주류,5000,1,5000,배달
ORD-10712,2026-02-20,M04,로제 떡볶이,분식,6500,1,6500,배달
ORD-10713,2026-02-20,M12,알밥,식사,6500,1,6500,홀
ORD-10714,2026-02-20,M05,참치마요주먹밥,분식,4000,3,12000,홀
ORD-10715,2026-02-20,M05,참치마요주먹밥,분식,4000,3,12000,홀
ORD-10716,2026-02-22,M02,튀김세트,분식,5000,3,15000,배달
ORD-10717,2026-02-22,M20,하이볼,주류,6000,1,6000,배달
ORD-10718,2026-02-22,M17,맥주,주류,5000,2,10000,배달
ORD-10719,2026-02-22,M06,어묵탕,분식,5500,1,5500,배달
ORD-10720,2026-02-22,M20,하이볼,주류,6000,2,12000,배달
ORD-10721,2026-02-22,M09,치즈돈까스,식사,9500,1,9500,홀
ORD-10722,2026-02-22,M06,어묵탕,분식,5500,1,5500,배달
ORD-10723,2026-02-22,M04,로제 떡볶이,분식,6500,1,6500,홀
ORD-10724,2026-02-23,M02,튀김세트,분식,5000,3,15000,홀
ORD-10725,2026-02-23,M06,어묵탕,분식,5500,3,16500,홀
ORD-10726,2026-02-23,M07,순두부찌개,식사,8000,2,16000,배달
ORD-10727,2026-02-24,M07,순두부찌개,식사,8000,1,8000,홀
ORD-10728,2026-02-24,M09,치즈돈까스,식사,9500,3,28500,배달
ORD-10729,2026-02-24,M06,어묵탕,분식,5500,2,11000,홀
ORD-10730,2026-02-24,M05,참치마요주먹밥,분식,4000,1,4000,홀
ORD-10731,2026-02-24,M11,비빔국수,식사,7000,2,14000,홀
ORD-10732,2026-02-24,M05,참치마요주먹밥,분식,4000,1,4000,배달
ORD-10733,2026-02-24,M03,찰순대,분식,4500,3,13500,홀
ORD-10734,2026-02-24,M04,로제 떡볶이,분식,6500,1,6500,홀
ORD-10735,2026-02-24,M05,참치마요주먹밥,분식,4000,1,4000,배달
ORD-10736,2026-02-24,M11,비빔국수,식사,7000,2,14000,홀
ORD-10737,2026-02-25,M06,어묵탕,분식,5500,3,16500,배달
ORD-10738,2026-02-25,M05,참치마요주먹밥,분식,4000,3,12000,배달
ORD-10739,2026-02-25,M01,떡볶이,분식,4500,3,13500,홀
ORD-10740,2026-02-26,M02,튀김세트,분식,5000,1,5000,배달
ORD-10741,2026-02-26,M05,참치마요주먹밥,분식,4000,1,4000,배달
ORD-10742,2026-02-26,M05,참치마요주먹밥,분식,4000,2,8000,홀
ORD-10743,2026-02-26,M03,찰순대,분식,4500,3,13500,배달
ORD-10744,2026-02-26,M09,치즈돈까스,식사,9500,1,9500,홀
ORD-10745,2026-02-26,M08,만두국,식사,7500,1,7500,홀
ORD-10746,2026-02-26,M02,튀김세트,분식,5000,1,5000,배달
ORD-10747,2026-02-26,M02,튀김세트,분식,5000,3,15000,홀
ORD-10748,2026-02-27,M17,맥주,주류,5000,2,10000,홀
ORD-10749,2026-02-27,M05,참치마요주먹밥,분식,4000,3,12000,홀
ORD-10750,2026-02-27,M20,하이볼,주류,6000,3,18000,배달
ORD-10751,2026-02-27,M14,사이다,음료,2000,2,4000,홀
ORD-10752,2026-02-28,M09,치즈돈까스,식사,9500,1,9500,배달
ORD-10753,2026-02-28,M12,알밥,식사,6500,1,6500,배달
ORD-10754,2026-02-28,M03,찰순대,분식,4500,1,4500,홀
ORD-10755,2026-02-28,M17,맥주,주류,5000,1,5000,배달
ORD-10756,2026-02-28,M12,알밥,식사,6500,3,19500,배달
ORD-10757,2026-02-28,M01,떡볶이,분식,4500,3,13500,홀
ORD-10758,2026-02-28,M19,생맥주,주류,4500,1,4500,배달
ORD-10759,2026-02-28,M20,하이볼,주류,6000,1,6000,배달
ORD-10760,2026-02-28,M17,맥주,주류,5000,1,5000,배달
ORD-10761,2026-02-28,M20,하이볼,주류,6000,3,18000,배달
ORD-10762,2026-03-01,M01,떡볶이,분식,4500,3,13500,홀
ORD-10763,2026-03-01,M03,찰순대,분식,4500,1,4500,배달
ORD-10764,2026-03-01,M06,어묵탕,분식,5500,2,11000,홀
ORD-10765,2026-03-01,M13,콜라,음료,2000,2,4000,배달
ORD-10766,2026-03-02,M07,순두부찌개,식사,8000,1,8000,배달
ORD-10767,2026-03-02,M05,참치마요주먹밥,분식,4000,2,8000,홀
ORD-10768,2026-03-02,M03,찰순대,분식,4500,1,4500,홀
ORD-10769,2026-03-02,M11,비빔국수,식사,7000,1,7000,배달
ORD-10770,2026-03-02,M08,만두국,식사,7500,2,15000,홀
ORD-10771,2026-03-03,M05,참치마요주먹밥,분식,4000,1,4000,홀
ORD-10772,2026-03-03,M19,생맥주,주류,4500,3,13500,홀
ORD-10773,2026-03-04,M15,제로콜라,음료,2000,2,4000,홀
ORD-10774,2026-03-05,M16,식혜,음료,3000,1,3000,홀
ORD-10775,2026-03-05,M02,튀김세트,분식,5000,3,15000,홀
ORD-10776,2026-03-05,M02,튀김세트,분식,5000,3,15000,홀
ORD-10777,2026-03-05,M02,튀김세트,분식,5000,1,5000,홀
ORD-10778,2026-03-05,M08,만두국,식사,7500,2,15000,홀
ORD-10779,2026-03-05,M05,참치마요주먹밥,분식,4000,2,8000,홀
ORD-10780,2026-03-05,M08,만두국,식사,7500,2,15000,배달
ORD-10781,2026-03-05,M03,찰순대,분식,4500,1,4500,배달
ORD-10782,2026-03-06,M04,로제 떡볶이,분식,6500,2,13000,배달
ORD-10783,2026-03-06,M14,사이다,음료,2000,2,4000,홀
ORD-10784,2026-03-06,M04,로제 떡볶이,분식,6500,1,6500,홀
ORD-10785,2026-03-06,M02,튀김세트,분식,5000,1,5000,홀
ORD-10786,2026-03-07,M16,식혜,음료,3000,2,6000,배달
ORD-10787,2026-03-07,M06,어묵탕,분식,5500,2,11000,배달
ORD-10788,2026-03-07,M13,콜라,음료,2000,2,4000,배달
ORD-10789,2026-03-07,M09,치즈돈까스,식사,9500,3,28500,배달
ORD-10790,2026-03-08,M06,어묵탕,분식,5500,3,16500,배달
ORD-10791,2026-03-09,M02,튀김세트,분식,5000,1,5000,배달
ORD-10792,2026-03-09,M15,제로콜라,음료,2000,2,4000,홀
ORD-10793,2026-03-09,M06,어묵탕,분식,5500,2,11000,홀
ORD-10794,2026-03-09,M01,떡볶이,분식,4500,3,13500,홀
ORD-10795,2026-03-09,M02,튀김세트,분식,5000,3,15000,배달
ORD-10796,2026-03-09,M06,어묵탕,분식,5500,3,16500,배달
ORD-10797,2026-03-09,M02,튀김세트,분식,5000,3,15000,홀
ORD-10798,2026-03-10,M14,사이다,음료,2000,1,2000,홀
ORD-10799,2026-03-10,M01,떡볶이,분식,4500,2,9000,홀
ORD-10800,2026-03-10,M04,로제 떡볶이,분식,6500,2,13000,배달
ORD-10801,2026-03-10,M03,찰순대,분식,4500,2,9000,배달
ORD-10802,2026-03-10,M03,찰순대,분식,4500,3,13500,홀
ORD-10803,2026-03-10,M07,순두부찌개,식사,8000,2,16000,홀
ORD-10804,2026-03-10,M11,비빔국수,식사,7000,3,21000,배달
ORD-10805,2026-03-11,M05,참치마요주먹밥,분식,4000,3,12000,홀
ORD-10806,2026-03-11,M08,만두국,식사,7500,1,7500,홀
ORD-10807,2026-03-11,M04,로제 떡볶이,분식,6500,2,13000,배달
ORD-10808,2026-03-11,M03,찰순대,분식,4500,2,9000,홀
ORD-10809,2026-03-12,M01,떡볶이,분식,4500,2,9000,홀
ORD-10810,2026-03-12,M07,순두부찌개,식사,8000,3,24000,홀
ORD-10811,2026-03-12,M05,참치마요주먹밥,분식,4000,1,4000,홀
ORD-10812,2026-03-12,M04,로제 떡볶이,분식,6500,1,6500,홀
ORD-10813,2026-03-12,M17,맥주,주류,5000,2,10000,홀
ORD-10814,2026-03-12,M20,하이볼,주류,6000,2,12000,배달
ORD-10815,2026-03-12,M13,콜라,음료,2000,1,2000,홀
ORD-10816,2026-03-12,M13,콜라,음료,2000,3,6000,홀
ORD-10817,2026-03-12,M19,생맥주,주류,4500,3,13500,배달
ORD-10818,2026-03-13,M18,소주,주류,5000,3,15000,홀
ORD-10819,2026-03-13,M02,튀김세트,분식,5000,1,5000,홀
ORD-10820,2026-03-13,M01,떡볶이,분식,4500,1,4500,홀
ORD-10821,2026-03-14,M02,튀김세트,분식,5000,1,5000,배달
ORD-10822,2026-03-14,M11,비빔국수,식사,7000,3,21000,배달
ORD-10823,2026-03-14,M16,식혜,음료,3000,1,3000,배달
ORD-10824,2026-03-14,M13,콜라,음료,2000,3,6000,홀
ORD-10825,2026-03-14,M02,튀김세트,분식,5000,2,10000,배달
ORD-10826,2026-03-14,M14,사이다,음료,2000,1,2000,배달
ORD-10827,2026-03-14,M05,참치마요주먹밥,분식,4000,1,4000,배달
ORD-10828,2026-03-14,M09,치즈돈까스,식사,9500,2,19000,배달
ORD-10829,2026-03-15,M15,제로콜라,음료,2000,2,4000,배달
ORD-10830,2026-03-15,M17,맥주,주류,5000,2,10000,배달
ORD-10831,2026-03-15,M17,맥주,주류,5000,1,5000,배달
ORD-10832,2026-03-15,M08,만두국,식사,7500,1,7500,홀
ORD-10833,2026-03-15,M11,비빔국수,식사,7000,2,14000,배달
ORD-10834,2026-03-15,M19,생맥주,주류,4500,2,9000,배달
ORD-10835,2026-03-15,M16,식혜,음료,3000,3,9000,배달
ORD-10836,2026-03-15,M19,생맥주,주류,4500,1,4500,배달
